catalog_id,title,priority,reason
402,2006독일축구,lower,User deleted thumbnail
403,2006영혼낚시,normal,User retained thumbnail
404,2006월드올림픽,lower,User deleted thumbnail
406,2007루노베이스볼,lower,User deleted thumbnail
197,MR.때밀이왕,lower,User deleted thumbnail
389,SBS 포트리스2,normal,User retained thumbnail
409,SIM 헤어디자이너,normal,User retained thumbnail
420,간호사 타이쿤,normal,User retained thumbnail
3,강철의 연금술사,normal,User retained thumbnail
423,강호동맞고2,incompatible-skip,Previously classified incompatible; testing stopped
7,게임빌 2006프로야구,normal,User retained thumbnail
430,게임팩25,normal,User retained thumbnail
223,겟앰프드,normal,User retained thumbnail
429,고촌치킨,lower,User deleted thumbnail
11,광란의 수족관,lower,User deleted thumbnail
392,광수의 똥!생각,lower,User deleted thumbnail
12,궁 맞고,lower,User deleted thumbnail
8,귀신사냥2007,lower,User deleted thumbnail
13,귀혼-무사편,normal,User retained thumbnail
9,길거리농구3,lower,User deleted thumbnail
14,논스톱 액션 고고씽,lower,User deleted thumbnail
15,놈투,normal,User retained thumbnail
382,다마고치M,normal,User retained thumbnail
17,다이어트 타이쿤,normal,User retained thumbnail
18,다이하드 4.0,normal,User retained thumbnail
19,다크사이드 스토리 M,normal,User retained thumbnail
20,다크슬레이어2,normal,User retained thumbnail
21,대물낚시광2,normal,User retained thumbnail
23,대통령 타이쿤,normal,User retained thumbnail
24,더팜1,normal,User retained thumbnail
25,더팜2,normal,User retained thumbnail
27,던전앤파이터-거너편,normal,User retained thumbnail
26,던전앤파이터-격투가편,normal,User retained thumbnail
28,던전앤히어로,normal,User retained thumbnail
30,데빌헌터,lower,User deleted thumbnail
31,도신 노홍철맞고,lower,User deleted thumbnail
33,동전쌓기 에볼루션,normal,User retained thumbnail
34,두뇌게임Q,normal,User retained thumbnail
35,드래곤나이트EX,normal,User retained thumbnail
36,드래곤로드,normal,User retained thumbnail
37,드래곤아이즈2,normal,User retained thumbnail
38,떡볶이 타이쿤3,normal,User retained thumbnail
39,라이덴3,normal,User retained thumbnail
40,라피스라줄리,normal,User retained thumbnail
41,레드망고 타이쿤,normal,User retained thumbnail
42,렛츠골프2005,lower,User deleted thumbnail
44,로스트 아일랜드,normal,User retained thumbnail
171,루빅스큐브,lower,User deleted thumbnail
45,리듬스타,normal,User retained thumbnail
412,리얼비트,normal,User retained thumbnail
46,리얼사커2007,normal,User retained thumbnail
47,리얼사커2009,normal,User retained thumbnail
48,리얼타짜맞고,normal,User retained thumbnail
428,마린블루스,normal,User retained thumbnail
50,마스터 오브 소드2,normal,User retained thumbnail
51,마스터 오브 소드3,normal,User retained thumbnail
52,마이프린세스2,normal,User retained thumbnail
53,만귀토벌전,normal,User retained thumbnail
55,맞고삼국대전,normal,User retained thumbnail
56,멋지다! 김밥군,normal,User retained thumbnail
57,메르헨전기,normal,User retained thumbnail
410,메이플스토리-궁수편,normal,User retained thumbnail
58,메이플스토리-마법사편,normal,User retained thumbnail
59,메이플스토리-전사편,normal,User retained thumbnail
340,무한의 통통,lower,User deleted thumbnail
61,물가에 돌튕기기2,lower,User deleted thumbnail
62,물가에 돌튕기기3,lower,User deleted thumbnail
63,뮤-흑기사편,normal,User retained thumbnail
445,미궁-미술관 살인사건,normal,User retained thumbnail
71,미니게임레드맨,lower,User deleted thumbnail
68,미니게임의 달인,lower,User deleted thumbnail
64,미니게임천국1,normal,User retained thumbnail
65,미니게임천국2,normal,User retained thumbnail
69,미니게임파티,normal,User retained thumbnail
67,미니게임패밀리,normal,User retained thumbnail
426,미니러비,normal,User retained thumbnail
72,미니미니오락실,normal,User retained thumbnail
74,미니햄스터키우기,normal,User retained thumbnail
160,바이러스,lower,User deleted thumbnail
75,박명수 호통맞고,lower,User deleted thumbnail
76,박정석-영웅탄생,lower,User deleted thumbnail
77,방탈출,lower,User deleted thumbnail
78,배틀동전판치기,normal,User retained thumbnail
79,배틀오목,lower,User deleted thumbnail
80,보글보글,normal,User retained thumbnail
81,보글보글2,normal,User retained thumbnail
82,부루마불2007,normal,User retained thumbnail
83,북천항해기2,normal,User retained thumbnail
85,블레이드마스터2,normal,User retained thumbnail
86,사이버포뮬러2,normal,User retained thumbnail
87,삼국장군전,lower,User deleted thumbnail
88,삼국쟁패2-전사편,normal,User retained thumbnail
91,삼국축구대전,lower,User deleted thumbnail
93,생과일 타이쿤 파이널,normal,User retained thumbnail
94,생존일기,normal,User retained thumbnail
95,서든어택,lower,User deleted thumbnail
97,세븐스소드,normal,User retained thumbnail
98,셔터-영혼의울림,lower,User deleted thumbnail
99,소울카드마스터2,normal,User retained thumbnail
297,슈렉3,lower,User deleted thumbnail
100,슈퍼리얼테니스,lower,User deleted thumbnail
102,스노우브라더스2,lower,User deleted thumbnail
103,스도쿠 넘버홀릭,lower,User deleted thumbnail
104,스맥다운VS로우,lower,User deleted thumbnail
106,시네마 타이쿤,normal,User retained thumbnail
107,신시티2,lower,User deleted thumbnail
108,심시티,lower,User deleted thumbnail
110,아르덴전기,normal,User retained thumbnail
114,액션퍼즐패밀리,normal,User retained thumbnail
115,액션히어로3D,normal,User retained thumbnail
116,어스토니시아 스토리,normal,User retained thumbnail
117,얼음낚시,lower,User deleted thumbnail
119,에픽크로니클2,normal,User retained thumbnail
118,에픽크로니클PE,normal,User retained thumbnail
120,엑스맨3,lower,User deleted thumbnail
121,엘즈웨어,normal,User retained thumbnail
122,열혈교사전설2,normal,User retained thumbnail
123,영어뇌습격,lower,User deleted thumbnail
126,영웅서기 제로-진홍의 사도,normal,User retained thumbnail
124,영웅서기1-솔티아의 바람,normal,User retained thumbnail
129,영웅전설3-하얀마녀,normal,User retained thumbnail
131,우당탕탕헤어샵2,normal,User retained thumbnail
132,웃찾사 맞고,lower,User deleted thumbnail
133,원더즈-영웅의길,normal,User retained thumbnail
134,월드크래프트,normal,User retained thumbnail
135,이노티아연대기1,normal,User retained thumbnail
136,이노티아연대기2,normal,User retained thumbnail
137,이누야샤,lower,User deleted thumbnail
140,인형뽑기 타이쿤,normal,User retained thumbnail
142,장금이의 꿈,normal,User retained thumbnail
143,전국호텔왕 PLUS,lower,User deleted thumbnail
144,전설의 마법학교2,normal,User retained thumbnail
440,정무문2,lower,User deleted thumbnail
441,정무문3,lower,User deleted thumbnail
146,정통맞고2007,incompatible-skip,Previously classified incompatible; testing stopped
147,졸라맨액션학원,lower,User deleted thumbnail
419,주타이쿤2,lower,User deleted thumbnail
148,지상렬 신맞고,lower,User deleted thumbnail
424,지크,normal,User retained thumbnail
149,질주쾌감 스케쳐,normal,User retained thumbnail
150,질풍노도 십칠대일,normal,User retained thumbnail
151,짜요짜요 타이쿤1,normal,User retained thumbnail
152,짜요짜요 타이쿤2,normal,User retained thumbnail
435,짜요짜요 타이쿤4,normal,User retained thumbnail
431,창세기전 크로우2,normal,User retained thumbnail
155,초밥의달인3,normal,User retained thumbnail
156,추억의달고나 뽀끼뽀끼,lower,User deleted thumbnail
157,치킨타이쿤,lower,User deleted thumbnail
158,카우스블레이드,normal,User retained thumbnail
165,컴투스 삼국지-촉,normal,User retained thumbnail
159,컴투스맞고2006,lower,User deleted thumbnail
161,컴투스사커2006,normal,User retained thumbnail
162,컴투스포춘골프 3D,lower,User deleted thumbnail
408,코에이 삼국지 영걸전,incompatible-skip,Previously classified incompatible; testing stopped
164,코에이 삼국지2,normal,User retained thumbnail
166,쿠키하우스,normal,User retained thumbnail
167,크로스워드,normal,User retained thumbnail
170,크아비엔비2007,normal,User retained thumbnail
172,타운스토리 신대륙편,normal,User retained thumbnail
173,타워크래프트,lower,User deleted thumbnail
54,탁재훈 신맞고2007,lower,User deleted thumbnail
174,테트리스2006,normal,User retained thumbnail
176,트랜스포머,lower,User deleted thumbnail
177,티어즈 오브 메탈,normal,User retained thumbnail
178,판타지포에버2,normal,User retained thumbnail
179,팝픈뮤직,normal,User retained thumbnail
180,페노아전기2,normal,User retained thumbnail
181,폴라폴리2007,normal,User retained thumbnail
407,푸시푸시 삼국지,normal,User retained thumbnail
182,프리스타일 어택,normal,User retained thumbnail
184,피자타이쿤,normal,User retained thumbnail
185,피자타이쿤2,normal,User retained thumbnail
186,피파07,lower,User deleted thumbnail
187,하베스트 타이쿤,normal,User retained thumbnail
188,한게임 신맞고,lower,User deleted thumbnail
190,해적왕2007,lower,User deleted thumbnail
191,헬로우닌자,lower,User deleted thumbnail
192,헬싱,incompatible-skip,Previously classified incompatible; testing stopped
195,화장빨인생,normal,User retained thumbnail
112,알바전설 편의점2,incompatible-skip,Previously classified incompatible; already absent from thumbnail review
